{
  "decimals": 0,
  "isBooleanAmount": true,
  "name": "Token3",
  "description": "",
  "tags": [
    "awesome",
    "nft"
  ],
  "minter": "tz1YPSCGWXwBdTncK2aCctSZAXWvGsGwVJqU",
  "artifactUri": "ipfs://QmeFvLT38HJyPotZnPN6RQU63LXqcxZUWfiVetW5oM8nuT",
  "displayUri": "ipfs://QmeFvLT38HJyPotZnPN6RQU63LXqcxZUWfiVetW5oM8nuT",
  "thumbnailUri": "ipfs://QmeFvLT38HJyPotZnPN6RQU63LXqcxZUWfiVetW5oM8nuT",
  "creators": [],
  "rights": "",
  "attributes": [
    {
      "name": "sample attribute",
      "value": "sample value"
    }
  ]
}